1674100808, 502
1674100868, 504
1674100928, 504
1674100988, 505
1674101048, 507
1674101108, 508
1674101168, 509
1674101228, 510
1674101288, 511
1674101348, 512
1674101408, 513
1674101468, 515
1674101528, 516
1674101588, 516
1674101648, 517
1674101708, 518
1674101768, 519
1674101828, 521
1674101888, 521
1674101949, 522
1674102009, 523
1674102069, 523
1674102129, 525
1674102189, 526
1674102249, 526
1674102309, 527
1674102369, 528
1674102429, 529
1674102489, 529
1674102549, 530
1674102609, 531
1674102669, 532
1674102729, 533
1674102789, 533
1674102849, 535
1674102909, 536
1674102969, 537
1674103029, 537
1674103089, 539
1674103149, 539
1674103209, 541
1674103269, 544
1674103329, 545
1674103389, 547
1674103449, 547
1674103509, 548
1674103569, 549
1674103629, 550
1674103689, 551
1674103749, 552
1674103809, 552
1674103869, 552
1674103929, 553
1674103989, 554
1674104049, 555
1674104109, 556
1674104169, 557
1674104229, 559
1674104289, 559
1674104349, 560
1674104409, 560
1674104469, 562
1674104529, 563
1674104589, 564
1674104649, 564
1674104709, 565
1674104769, 567
1674104829, 568
1674104889, 569
1674104949, 570
1674105009, 570
1674105069, 571
1674105129, 572
1674105189, 574
1674105250, 576
1674105310, 577
1674105370, 578
1674105430, 578
1674105490, 580
1674105550, 580
1674105610, 582
1674105670, 583
1674105730, 584
1674105790, 585
1674105850, 586
1674105910, 588
1674105970, 590
1674106030, 591
1674106090, 593
1674106150, 594
1674106210, 595
1674106270, 597
1674106330, 598
1674106390, 602
1674106450, 604
1674106510, 607
1674106570, 608
1674106630, 609
1674106690, 610
1674106750, 611
1674106810, 612
1674106870, 612
1674106930, 613
1674106990, 614
1674107050, 615
1674107110, 616
1674107170, 617
1674107230, 619
1674107290, 620
1674107350, 621
1674107410, 622
1674107470, 622
1674107530, 625
1674107590, 626
1674107650, 627
1674107710, 628
1674107770, 629
1674107830, 630
1674107890, 631
1674107950, 631
1674108010, 633
1674108070, 635
1674108130, 636
1674108190, 637
1674108250, 639
1674108310, 639
1674108370, 640
1674108430, 641
1674108491, 641
1674108551, 644
1674108611, 644
1674108671, 646
1674108731, 647
1674108791, 648
1674108851, 649
1674108911, 650
1674108971, 651
1674109031, 652
1674109091, 653
1674109151, 653
1674109211, 655
1674109271, 655
1674109331, 656
1674109391, 658
1674109451, 659
1674109511, 662
1674109571, 663
1674109631, 664
1674109691, 665
1674109751, 666
1674109811, 667
1674109871, 668
1674109931, 670
1674109991, 671
1674110051, 671
1674110111, 673
1674110171, 674
1674110231, 675
1674110291, 676
1674110351, 677
1674110411, 680
1674110471, 680
1674110531, 681
1674110591, 682
1674110651, 683
1674110711, 683
1674110771, 684
1674110831, 685
1674110891, 686
1674110951, 686
1674111011, 688
1674111071, 689
1674111131, 690
1674111191, 691
1674111251, 692
1674111311, 693
1674111371, 693
1674111431, 694
1674111491, 695
1674111551, 696
1674111611, 698
1674111671, 698
1674111731, 699
1674111791, 700
1674111851, 701
1674111911, 703
1674111971, 704
1674112031, 705
1674112091, 706
1674112151, 706
1674112211, 707
1674112271, 708
1674112331, 709
1674112391, 711
1674112451, 711
1674112511, 712
1674112571, 713
1674112631, 713
1674112691, 714
1674112751, 715
1674112811, 716
1674112871, 719
1674112931, 723
1674112991, 730
1674113051, 733
1674113111, 739
1674113171, 749
1674113231, 756
1674113291, 759
1674113351, 762
1674113412, 764
1674113472, 765
1674113532, 766
1674113592, 767
1674113652, 767
1674113712, 768
1674113772, 769
1674113832, 770
1674113892, 772
1674113952, 773
1674114012, 773
1674114072, 775
1674114132, 776
1674114192, 778
1674114252, 778
1674114312, 780
1674114372, 781
1674114432, 782
1674114492, 783
1674114552, 783
1674114612, 784
1674114672, 786
1674114732, 789
1674114792, 789
1674114852, 791
1674114912, 792
1674114972, 793
1674115032, 794
1674115092, 795
1674115152, 797
1674115212, 800
1674115272, 801
1674115332, 803
1674115392, 805
1674115452, 806
1674115512, 807
1674115572, 808
1674115632, 810
1674115692, 811
1674115752, 813
1674115812, 814
1674115872, 815
1674115932, 816
1674115992, 818
1674116052, 821
1674116112, 822
1674116172, 823
1674116232, 825
1674116292, 827
1674116352, 829
1674116412, 830
1674116472, 831
1674116532, 832
1674116592, 838
1674116652, 839
1674116712, 840
1674116772, 842
1674116832, 844
1674116892, 845
1674116952, 846
1674117012, 846
1674117072, 847
1674117132, 848
1674117192, 850
1674117252, 851
1674117312, 851
1674117372, 854
1674117432, 855
1674117492, 856
1674117552, 856
1674117612, 857
1674117672, 858
1674117732, 859
1674117792, 861
1674117852, 861
1674117912, 862
1674117972, 863
1674118032, 864
1674118092, 866
1674118152, 867
1674118212, 868
1674118272, 871
1674118332, 872
1674118392, 876
1674118452, 879
1674118513, 880
1674118573, 882
1674118633, 883
1674118693, 888
1674118753, 890
1674118813, 892
1674118873, 893
1674118933, 894
1674118993, 897
1674119053, 898
1674119113, 900
1674119173, 900
1674119233, 900
1674119293, 902
1674119353, 905
1674119413, 907
1674119473, 912
1674119533, 918
1674119593, 924
1674119653, 929
1674119713, 933
1674119773, 935
1674119833, 940
1674119893, 943
1674119953, 946
1674120013, 953
1674120073, 958
1674120133, 960
1674120193, 963
1674120253, 966
1674120313, 968
1674120373, 972
1674120433, 973
1674120493, 975
1674120553, 978
1674120613, 981
1674120673, 982
1674120733, 984
1674120793, 987
1674120853, 989
1674120913, 990
1674120973, 992
1674121033, 993
1674121093, 994
1674121153, 996
1674121213, 998
1674121273, 1000
1674121333, 1002
1674121393, 1005
1674121453, 1005
1674121513, 1007
1674121573, 1009
1674121633, 1010
1674121693, 1012
1674121753, 1016
1674121813, 1019
1674121873, 1021
1674121933, 1023
1674121993, 1023
1674122053, 1025
1674122113, 1027
1674122173, 1028
1674122233, 1030
1674122293, 1034
1674122353, 1035
1674122413, 1036
1674122473, 1038
1674122533, 1039
1674122593, 1045
1674122653, 1046
1674122713, 1047
1674122773, 1048
1674122833, 1050
1674122893, 1051
1674122953, 1052
1674123013, 1056
1674123073, 1058
1674123133, 1060
1674123193, 1061
1674123254, 1062
1674123314, 1064
1674123374, 1066
1674123434, 1068
1674123494, 1070
1674123554, 1072
1674123614, 1073
1674123674, 1074
1674123734, 1076
1674123794, 1077
1674123854, 1078
1674123914, 1079
1674123974, 1082
1674124034, 1083
1674124094, 1086
1674124154, 1087
1674124214, 1088
1674124274, 1090
1674124334, 1091
1674124394, 1095
1674124454, 1097
1674124514, 1098
1674124574, 1100
1674124634, 1102
1674124694, 1104
1674124754, 1111
1674124814, 1114
1674124874, 1118
1674124934, 1121
1674124994, 1124
1674125054, 1126
1674125114, 1129
1674125174, 1132
1674125234, 1133
1674125294, 1135
1674125354, 1136
1674125414, 1138
1674125474, 1143
1674125534, 1149
1674125594, 1159
1674125654, 1166
1674125714, 1173
1674125774, 1179
1674125834, 1184
1674125894, 1192
1674125954, 1197
1674126014, 1203
1674126074, 1209
1674126134, 1211
1674126194, 1213
1674126254, 1217
1674126314, 1218
1674126374, 1221
1674126434, 1223
1674126494, 1226
1674126554, 1227
1674126614, 1230
1674126674, 1232
1674126734, 1233
1674126794, 1236
1674126854, 1237
1674126914, 1239
1674126974, 1240
1674127034, 1242
1674127094, 1245
1674127154, 1247
1674127214, 1248
1674127274, 1252
1674127334, 1257
1674127394, 1262
1674127454, 1262
1674127514, 1264
1674127574, 1266
1674127634, 1267
1674127694, 1270
1674127754, 1272
1674127814, 1273
1674127874, 1275
1674127935, 1278
1674127995, 1280
1674128055, 1281
1674128115, 1283
1674128175, 1285
1674128235, 1287
1674128295, 1290
1674128355, 1291
1674128415, 1292
1674128475, 1293
1674128535, 1295
1674128595, 1298
1674128655, 1300
1674128715, 1302
1674128775, 1303
1674128835, 1304
1674128895, 1306
1674128955, 1308
1674129015, 1312
1674129075, 1314
1674129135, 1316
1674129195, 1319
1674129255, 1321
1674129315, 1324
1674129375, 1325
1674129435, 1328
1674129495, 1329
1674129555, 1331
1674129615, 1333
1674129675, 1335
1674129735, 1336
1674129795, 1340
1674129855, 1341
1674129915, 1345
1674129975, 1347
1674130035, 1349
1674130095, 1359
1674130155, 1361
1674130215, 1363
1674130275, 1363
1674130335, 1364
1674130395, 1367
1674130455, 1368
1674130515, 1371
1674130575, 1372
1674130635, 1374
1674130695, 1376
1674130755, 1377
1674130815, 1378
1674130875, 1379
1674130935, 1380
1674130995, 1382
1674131055, 1383
1674131115, 1384
1674131175, 1386
1674131235, 1387
1674131295, 1389
1674131355, 1391
1674131415, 1393
1674131475, 1396
1674131535, 1399
1674131595, 1401
1674131655, 1405
1674131715, 1408
1674131775, 1410
1674131835, 1412
1674131895, 1414
1674131955, 1417
1674132015, 1420
1674132075, 1422
1674132135, 1423
1674132195, 1426
1674132255, 1427
1674132315, 1429
1674132375, 1432
1674132435, 1437
1674132495, 1438
1674132555, 1439
1674132615, 1440
1674132675, 1444
1674132736, 1447
1674132796, 1448
1674132856, 1450
1674132916, 1452
1674132976, 1454
1674133036, 1456
1674133096, 1459
1674133156, 1464
1674133216, 1467
1674133276, 1469
1674133336, 1471
1674133396, 1472
1674133456, 1473
1674133516, 1475
1674133576, 1477
1674133636, 1480
1674133696, 1481
1674133756, 1484
1674133816, 1487
1674133876, 1490
1674133936, 1491
1674133996, 1493
1674134056, 1494
1674134116, 1497
1674134176, 1498
1674134236, 1501
1674134296, 1502
1674134356, 1503
1674134416, 1504
1674134476, 1506
1674134536, 1508
1674134596, 1509
1674134656, 1511
1674134716, 1512
1674134776, 1514
1674134836, 1517
1674134896, 1519
1674134956, 1521
1674135016, 1523
1674135076, 1525
1674135136, 1526
1674135196, 1530
1674135256, 1532
1674135316, 1534
1674135376, 1538
1674135436, 1541
1674135496, 1542
1674135556, 1547
1674135616, 1549
1674135676, 1550
1674135736, 1551
1674135796, 1552
1674135856, 1554
1674135916, 1555
1674135976, 1557
1674136036, 1559
1674136096, 1561
1674136156, 1562
1674136216, 1566
1674136276, 1570
1674136336, 1572
1674136396, 1573
1674136456, 1576
1674136516, 1578
1674136576, 1579
1674136636, 1582
1674136696, 1583
1674136756, 1585
1674136816, 1587
1674136876, 1589
1674136936, 1591
1674136996, 1593
1674137056, 1594
1674137116, 1596
1674137176, 1597
1674137236, 1598
1674137296, 1602
1674137356, 1603
1674137416, 1603
1674137476, 1606
1674137536, 1608
1674137597, 1610
1674137657, 1611
1674137717, 1613
1674137777, 1615
1674137837, 1619
1674137897, 1621
1674137957, 1622
1674138017, 1623
1674138077, 1624
1674138137, 1625
1674138197, 1628
1674138257, 1631
1674138317, 1636
1674138377, 1640
1674138437, 1645
1674138497, 1647
1674138557, 1649
1674138617, 1653
1674138677, 1656
1674138737, 1665
1674138797, 1669
1674138857, 1673
1674138917, 1678
1674138977, 1683
1674139037, 1687
1674139097, 1691
1674139157, 1700
1674139217, 1704
1674139277, 1706
1674139337, 1707
1674139397, 1712
1674139457, 1713
1674139517, 1717
1674139577, 1718
1674139637, 1721
1674139697, 1723
1674139757, 1730
1674139817, 1733
1674139877, 1736
1674139937, 1738
1674139997, 1741
1674140057, 1743
1674140117, 1750
1674140177, 1755
1674140237, 1756
1674140297, 1759
1674140357, 1762
1674140417, 1766
1674140477, 1767
1674140537, 1770
1674140597, 1772
1674140657, 1773
1674140717, 1777
1674140777, 1779
1674140837, 1782
1674140897, 1786
1674140957, 1787
1674141017, 1789
1674141077, 1791
1674141137, 1793
1674141197, 1796
1674141257, 1796
1674141317, 1798
1674141377, 1802
1674141437, 1804
1674141497, 1806
1674141557, 1809
1674141617, 1812
1674141677, 1817
1674141737, 1819
1674141797, 1820
1674141857, 1821
1674141917, 1823
1674141977, 1826
1674142037, 1827
1674142097, 1829
1674142157, 1831
1674142217, 1832
1674142277, 1834
1674142337, 1836
1674142397, 1839
1674142457, 1842
1674142518, 1843
1674142578, 1845
1674142638, 1847
1674142698, 1849
1674142758, 1852
1674142818, 1854
1674142878, 1856
1674142938, 1860
1674142998, 1862
1674143058, 1864
1674143118, 1866
1674143178, 1867
1674143238, 1869
1674143298, 1871
1674143358, 1874
1674143418, 1876
1674143478, 1879
1674143538, 1886
1674143598, 1892
1674143658, 1902
1674143718, 1906
1674143778, 1908
1674143838, 1912
1674143898, 1914
1674143958, 1917
1674144018, 1921
1674144078, 1927
1674144138, 1929
1674144198, 1933
1674144258, 1936
1674144318, 1937
1674144378, 1939
1674144438, 1942
1674144498, 1943
1674144558, 1946
1674144618, 1952
1674144678, 1955
1674144738, 1959
1674144798, 1963
1674144858, 1965
1674144918, 1971
1674144978, 1973
1674145038, 1976
1674145098, 1979
1674145158, 1982
1674145218, 1986
1674145278, 1988
1674145338, 1997
1674145398, 2001
1674145458, 2003
1674145518, 2008
1674145578, 2010
1674145638, 2016
1674145698, 2019
1674145758, 2023
1674145818, 2027
1674145878, 2030
1674145938, 2033
1674145998, 2036
1674146058, 2039
1674146118, 2042
1674146178, 2044
1674146238, 2046
1674146298, 2048
1674146358, 2052
1674146418, 2053
1674146478, 2057
1674146538, 2059
1674146598, 2064
1674146658, 2067
1674146718, 2073
1674146778, 2074
1674146838, 2076
1674146898, 2077
1674146958, 2080
1674147018, 2084
1674147078, 2086
1674147138, 2089
1674147198, 2094
1674147258, 2097
1674147318, 2101
1674147379, 2105
1674147439, 2107
1674147499, 2112
1674147559, 2120
1674147619, 2124
1674147679, 2127
1674147739, 2136
1674147799, 2139
1674147859, 2141
1674147919, 2145
1674147979, 2151
1674148039, 2155
1674148099, 2164
1674148159, 2168
1674148219, 2172
1674148279, 2176
1674148339, 2180
1674148399, 2193
1674148459, 2195
1674148519, 2199
1674148579, 2204
1674148639, 2210
1674148699, 2212
1674148759, 2214
1674148819, 2222
1674148879, 2225
1674148939, 2232
1674148999, 2235
1674149059, 2239
1674149119, 2245
1674149179, 2250
1674149239, 2254
1674149299, 2260
1674149359, 2263
1674149419, 2268
1674149479, 2273
1674149539, 2279
1674149599, 2282
1674149659, 2283
1674149719, 2288
1674149779, 2300
1674149839, 2322
1674149899, 2346
1674149959, 2356
1674150019, 2364
1674150079, 2369
1674150139, 2373
1674150199, 2380
1674150259, 2382
1674150319, 2391
1674150379, 2399
1674150439, 2405
1674150499, 2411
1674150559, 2416
1674150619, 2419
1674150679, 2422
1674150739, 2424
1674150799, 2428
1674150859, 2430
1674150919, 2433
1674150979, 2435
1674151039, 2441
1674151099, 2443
1674151159, 2449
1674151219, 2453
1674151279, 2455
1674151339, 2460
1674151399, 2464
1674151459, 2469
1674151519, 2473
1674151579, 2475
1674151639, 2481
1674151699, 2484
1674151759, 2486
1674151819, 2489
1674151879, 2493
1674151940, 2496
1674152000, 2502
1674152060, 2503
1674152120, 2507
1674152180, 2509
1674152240, 2511
1674152300, 2514
1674152360, 2518
1674152420, 2519
1674152480, 2523
1674152540, 2525
1674152600, 2527
1674152660, 2528
1674152720, 2534
1674152780, 2539
1674152840, 2543
1674152900, 2547
1674152960, 2549
1674153020, 2559
1674153080, 2566
1674153140, 2568
1674153200, 2573
1674153260, 2574
1674153320, 2578
1674153380, 2580
1674153440, 2589
1674153500, 2599
1674153560, 2607
1674153620, 2609
1674153680, 2611
1674153740, 2613
1674153800, 2615
1674153860, 2619
1674153920, 2623
1674153980, 2625
1674154040, 2628
1674154100, 2631
1674154160, 2635
1674154220, 2639
1674154280, 2643
1674154340, 2644
1674154400, 2648
1674154460, 2650
1674154520, 2654
1674154580, 2655
1674154640, 2658
1674154700, 2660
1674154760, 2662
1674154820, 2666
1674154880, 2669
1674154940, 2671
1674155000, 2676
1674155060, 2677
1674155120, 2679
1674155180, 2681
1674155240, 2683
1674155300, 2685
1674155360, 2689
1674155420, 2690
1674155480, 2693
1674155540, 2695
1674155600, 2696
1674155660, 2697
1674155720, 2699
1674155780, 2701
1674155840, 2703
1674155900, 2704
1674155960, 2705
1674156020, 2706
1674156080, 2708
1674156140, 2713
1674156200, 2715
1674156260, 2717
1674156320, 2718
1674156380, 2721
1674156440, 2724
1674156501, 2726
1674156561, 2728
1674156621, 2733
1674156681, 2736
1674156741, 2742
1674156801, 2745
1674156861, 2747
1674156921, 2749
1674156981, 2750
1674157041, 2753
1674157101, 2755
1674157161, 2757
1674157221, 2759
1674157281, 2761
1674157341, 2763
1674157401, 2766
1674157461, 2768
1674157521, 2770
1674157581, 2772
1674157641, 2773
1674157701, 2775
1674157761, 2777
1674157821, 2780
1674157881, 2781
1674157941, 2783
1674158001, 2786
1674158061, 2787
1674158121, 2789
1674158181, 2794
1674158241, 2796
1674158301, 2800
1674158361, 2802
1674158421, 2808
1674158481, 2814
1674158541, 2819
1674158601, 2825
1674158661, 2826
1674158721, 2828
1674158781, 2833
1674158841, 2835
1674158901, 2838
1674158961, 2839
1674159021, 2841
1674159081, 2843
1674159141, 2845
1674159201, 2846
1674159261, 2847
1674159321, 2849
1674159381, 2851
1674159441, 2853
1674159501, 2857
1674159561, 2860
1674159621, 2861
1674159681, 2863
1674159741, 2865
1674159801, 2866
1674159861, 2868
1674159921, 2869
1674159981, 2873
1674160041, 2877
1674160101, 2878
1674160161, 2879
1674160221, 2880
1674160281, 2883
1674160341, 2885
1674160401, 2886
1674160461, 2887
1674160521, 2889
1674160581, 2890
1674160641, 2892
1674160701, 2893
1674160761, 2895
1674160821, 2897
1674160881, 2899
1674160941, 2901
1674161001, 2903
1674161061, 2905
1674161121, 2911
1674161182, 2912
1674161242, 2914
1674161302, 2917
1674161362, 2920
1674161422, 2922
1674161482, 2923
1674161542, 2924
1674161602, 2925
1674161662, 2927
1674161722, 2928
1674161782, 2930
1674161842, 2931
1674161902, 2933
1674161962, 2935
1674162022, 2937
1674162082, 2938
1674162142, 2941
1674162202, 2943
1674162262, 2944
1674162322, 2946
1674162382, 2946
1674162442, 2949
1674162502, 2951
1674162562, 2952
1674162622, 2954
1674162682, 2956
1674162742, 2957
1674162802, 2960
1674162862, 2961
1674162922, 2964
1674162982, 2967
1674163042, 2969
1674163102, 2971
1674163162, 2972
1674163222, 2973
1674163282, 2974
1674163342, 2976
1674163402, 2977
1674163462, 2979
1674163522, 2980
1674163582, 2981
1674163642, 2983
1674163702, 2985
1674163762, 2986
1674163822, 2988
1674163882, 2990
1674163942, 2992
1674164002, 2995
1674164062, 2997
1674164122, 2998
1674164182, 3001
1674164242, 3002
1674164302, 3003
1674164362, 3006
1674164422, 3007
1674164482, 3009
1674164542, 3012
1674164602, 3015
1674164662, 3015
1674164722, 3017
1674164782, 3019
1674164842, 3022
1674164902, 3026
1674164962, 3028
1674165022, 3032
1674165082, 3037
1674165142, 3041
1674165202, 3046
1674165262, 3053
1674165322, 3058
1674165382, 3063
1674165442, 3069
1674165502, 3073
1674165562, 3076
1674165622, 3085
1674165682, 3089
1674165742, 3098
1674165802, 3108
1674165863, 3114
1674165923, 3124
1674165983, 3130
1674166043, 3142
1674166103, 3152
1674166163, 3166
1674166223, 3185
1674166283, 3195
1674166343, 3207
1674166403, 3216
1674166463, 3225
1674166523, 3234
1674166583, 3242
1674166643, 3249
1674166703, 3258
1674166763, 3268
1674166823, 3275
1674166883, 3281
1674166943, 3294
1674167003, 3306
1674167063, 3321
1674167123, 3332
1674167183, 3344
1674167243, 3358
1674167303, 3368
1674167363, 3377
1674167423, 3391
1674167483, 3400
1674167543, 3408
1674167603, 3418
1674167663, 3424
1674167723, 3435
1674167783, 3441
1674167843, 3450
1674167903, 3458
1674167963, 3465
1674168023, 3471
1674168083, 3477
1674168143, 3486
1674168203, 3493
1674168263, 3498
1674168323, 3503
1674168383, 3510
1674168443, 3516
1674168503, 3522
1674168563, 3530
1674168623, 3539
1674168683, 3544
1674168743, 3550
1674168803, 3556
1674168863, 3562
1674168923, 3562
1674168983, 3563
1674169043, 3563
1674169103, 3564
1674169163, 3565
1674169223, 3569
1674169283, 3570
1674169343, 3571
1674169403, 3572
1674169463, 3573
1674169523, 3574
1674169583, 3575
1674169643, 3576
1674169703, 3577
1674169763, 3578
1674169823, 3579
1674169883, 3580
1674169943, 3582
1674170003, 3582
1674170063, 3583
1674170123, 3584
1674170183, 3585
1674170243, 3585
1674170303, 3586
1674170363, 3587
1674170423, 3587
1674170483, 3588
1674170544, 3589
1674170604, 3589
1674170664, 3590
1674170724, 3591
1674170784, 3592
1674170844, 3593
1674170904, 3594
1674170964, 3595
1674171024, 3596
1674171084, 3597
1674171144, 3601
1674171204, 3602
1674171264, 3602
1674171324, 3603
1674171384, 3604
1674171444, 3605
1674171504, 3606
1674171564, 3609
1674171624, 3611
1674171684, 3613
1674171744, 3614
1674171804, 3615
1674171864, 3616
1674171924, 3616
1674171984, 3617
1674172044, 3618
1674172104, 3619
1674172164, 3621
1674172224, 3622
1674172284, 3623
1674172344, 3624
1674172404, 3625
1674172464, 3626
1674172524, 3627
1674172584, 3628
1674172644, 3630
1674172704, 3630
1674172764, 3632
1674172824, 3634
1674172884, 3635
1674172944, 3636
1674173004, 3638
1674173064, 3638
1674173124, 3639
1674173184, 3640
1674173244, 3643
1674173304, 3645
1674173364, 3646
1674173424, 3647
1674173484, 3647
1674173544, 3649
1674173604, 3650
1674173664, 3651
1674173724, 3652
1674173784, 3653
1674173844, 3654
1674173904, 3656
1674173964, 3657
1674174024, 3657
1674174084, 3659
1674174144, 3660
1674174204, 3661
1674174264, 3662
1674174324, 3663
1674174384, 3665
1674174444, 3666
1674174504, 3668
1674174564, 3668
1674174624, 3669
1674174684, 3670
1674174744, 3671
1674174804, 3672
1674174864, 3673
1674174924, 3674
1674174984, 3675
1674175044, 3676
1674175104, 3677
1674175164, 3679
1674175224, 3682
1674175284, 3683
1674175344, 3686
1674175404, 3688
1674175464, 3689
1674175524, 3689
1674175584, 3690
1674175644, 3691
1674175704, 3692
1674175764, 3693
1674175824, 3695
1674175884, 3696
1674175944, 3696
1674176004, 3698
1674176065, 3699
1674176125, 3700
1674176185, 3702
1674176245, 3703
1674176305, 3704
1674176365, 3704
1674176425, 3705
1674176485, 3707
1674176545, 3708
1674176605, 3709
1674176665, 3710
1674176725, 3711
1674176785, 3712
1674176845, 3713
1674176905, 3714
1674176965, 3715
1674177025, 3716
1674177085, 3717
1674177145, 3718
1674177205, 3720
1674177265, 3720
1674177325, 3722
1674177385, 3723
1674177445, 3725
1674177505, 3726
1674177565, 3727
1674177625, 3728
1674177685, 3729
1674177745, 3729
1674177805, 3730
1674177865, 3731
1674177925, 3733
1674177985, 3733
1674178045, 3734
1674178105, 3735
1674178165, 3736
1674178225, 3742
1674178285, 3743
1674178345, 3743
1674178405, 3744
1674178465, 3745
1674178525, 3746
1674178585, 3746
1674178645, 3747
1674178705, 3748
1674178765, 3752
1674178825, 3754
1674178885, 3755
1674178945, 3756
1674179005, 3757
1674179065, 3757
1674179125, 3758
1674179185, 3759
1674179245, 3760
1674179305, 3762
1674179365, 3762
1674179425, 3764
1674179485, 3766
1674179545, 3768
1674179605, 3768
1674179665, 3769
1674179725, 3771
1674179785, 3772
1674179845, 3773
1674179905, 3774
1674179965, 3775
1674180025, 3776
1674180085, 3778
1674180145, 3779
1674180205, 3780
1674180265, 3780
1674180325, 3781
1674180385, 3783
1674180445, 3784
1674180505, 3785
1674180565, 3786
1674180625, 3788
1674180685, 3789
1674180745, 3791
1674180805, 3792
1674180865, 3793
1674180925, 3794
1674180985, 3795
1674181045, 3796
1674181105, 3799
1674181165, 3800
1674181225, 3801
1674181285, 3802
1674181346, 3803
1674181406, 3804
1674181466, 3806
1674181526, 3807
1674181586, 3808
1674181646, 3808
1674181706, 3809
1674181766, 3810
1674181826, 3811
1674181886, 3811
1674181946, 3812
1674182006, 3813
1674182066, 3813
1674182126, 3814
1674182186, 3815
1674182246, 3816
1674182306, 3817
1674182366, 3818
1674182426, 3819
1674182486, 3820
1674182546, 3821
1674182606, 3823
1674182666, 3823
1674182726, 3824
1674182786, 3825
1674182846, 3827
1674182906, 3828
1674182966, 3828
1674183026, 3829
1674183086, 3829
1674183146, 3830
1674183206, 3831
1674183266, 3832
1674183326, 3832
1674183386, 3833
1674183446, 3834
1674183506, 3835
1674183566, 3836
1674183626, 3837
1674183686, 3837
1674183746, 3838
1674183806, 3840
1674183866, 3844
1674183926, 3846
1674183986, 3847
1674184046, 3849
1674184106, 3849
1674184166, 3851
1674184226, 3852
1674184286, 3853
1674184346, 3856
1674184406, 3857
1674184466, 3858
1674184526, 3860
1674184586, 3861
1674184646, 3863
1674184706, 3864
1674184766, 3865
1674184826, 3866
1674184886, 3867
1674184946, 3870
1674185006, 3871
1674185066, 3871
1674185126, 3872
1674185186, 3873
1674185246, 3875
1674185306, 3875
1674185366, 3876
1674185426, 3876
1674185486, 3877
1674185546, 3878
1674185606, 3879
1674185666, 3879
1674185726, 3881
1674185786, 3882
1674185846, 3883
1674185906, 3884
1674185966, 3886
1674186026, 3887
1674186086, 3888
1674186146, 3890
1674186206, 3891
1674186266, 3893
1674186326, 3893
1674186387, 3894
1674186447, 3895
1674186507, 3896
1674186567, 3896
1674186627, 3897
1674186687, 3900
1674186747, 3900
1674186807, 3901
1674186867, 3903
1674186927, 3904
1674186987, 3905
1674187047, 3906
1674187107, 3907
1674187167, 3908
1674187227, 3910
1674187287, 3911
1674187347, 3913
1674187407, 3913
1674187467, 3914
1674187527, 3915
1674187587, 3916
1674187647, 3917
1674187707, 3918
1674187767, 3919
1674187827, 3920
1674187887, 3921
1674187947, 3922
1674188007, 3923
1674188067, 3924
1674188127, 3925
1674188187, 3927
1674188247, 3931
1674188307, 3932
1674188367, 3933
1674188427, 3934
1674188487, 3935
1674188547, 3936
1674188607, 3938
1674188667, 3938
1674188727, 3940
1674188787, 3940
1674188847, 3941
1674188907, 3942
1674188967, 3943
1674189027, 3944
1674189087, 3945
1674189147, 3947
1674189207, 3948
1674189267, 3948
1674189327, 3949
1674189387, 3950
1674189447, 3951
1674189507, 3953
1674189567, 3954
1674189627, 3956
1674189687, 3957
1674189747, 3958
1674189807, 3959
1674189867, 3960
1674189927, 3961
1674189987, 3962
1674190047, 3964
1674190107, 3965
1674190167, 3966
1674190227, 3967
1674190287, 3968
1674190347, 3969
1674190407, 3970
1674190467, 3971
1674190527, 3974
1674190587, 3975
1674190647, 3977
1674190707, 3980
1674190767, 3981
1674190827, 3987
1674190887, 3988
1674190947, 3989
1674191007, 3992
1674191067, 3993
1674191127, 3995
1674191187, 3997
1674191247, 3998
1674191307, 4001
1674191367, 4003
1674191427, 4005
1674191487, 4006
1674191547, 4007
1674191608, 4009
1674191668, 4012
1674191728, 4013
1674191788, 4014
1674191848, 4017
1674191908, 4019
1674191968, 4020
1674192028, 4021
1674192088, 4023
1674192148, 4025
1674192208, 4029
1674192268, 4031
1674192328, 4036
1674192388, 4043
1674192448, 4045
1674192508, 4046
1674192568, 4049
1674192628, 4051
1674192688, 4053
1674192748, 4057
1674192808, 4062
1674192868, 4064
1674192928, 4067
1674192988, 4070
1674193048, 4071
1674193108, 4073
1674193168, 4076
1674193228, 4077
1674193288, 4080
1674193348, 4084
1674193408, 4087
1674193468, 4088
1674193528, 4089
1674193588, 4093
1674193648, 4095
1674193708, 4096
1674193768, 4098
1674193828, 4099
1674193888, 4101
1674193948, 4104
1674194008, 4105
1674194068, 4106
1674194128, 4108
1674194188, 4109
1674194248, 4112
1674194308, 4113
1674194368, 4114
1674194428, 4116
1674194488, 4117
1674194548, 4118
1674194608, 4120
1674194668, 4121
1674194728, 4122
1674194788, 4123
1674194848, 4125
1674194908, 4128
1674194968, 4131
1674195028, 4133
1674195088, 4134
1674195148, 4137
1674195208, 4138
1674195268, 4139
1674195328, 4141
1674195388, 4142
1674195448, 4144
1674195508, 4145
1674195568, 4146
1674195628, 4148
1674195688, 4149
1674195748, 4150
1674195808, 4152
1674195868, 4153
1674195928, 4162
1674195988, 4163
1674196048, 4165
1674196108, 4167
1674196168, 4168
1674196228, 4171
1674196288, 4172
1674196348, 4175
1674196408, 4177
1674196468, 4181
1674196529, 4184
1674196589, 4189
1674196649, 4193
1674196709, 4195
1674196769, 4198
1674196829, 4199
1674196889, 4200
1674196949, 4202
1674197009, 4203
1674197069, 4205
1674197129, 4206
1674197189, 4207
1674197249, 4209
1674197309, 4210
1674197369, 4211
1674197429, 4211
1674197489, 4212
1674197549, 4213
1674197609, 4215
1674197669, 4216
1674197729, 4217
1674197789, 4219
1674197849, 4224
1674197909, 4225
1674197969, 4226
1674198029, 4231
1674198089, 4232
1674198149, 4233
1674198209, 4234
1674198269, 4235
1674198329, 4236
1674198389, 4237
1674198449, 4238
1674198509, 4239
1674198569, 4240
1674198629, 4241
1674198689, 4243
1674198749, 4245
1674198809, 4246
1674198869, 4247
1674198929, 4249
1674198989, 4251
1674199049, 4252
1674199109, 4253
1674199169, 4255
1674199229, 4256
1674199289, 4258
1674199349, 4259
1674199409, 4260
1674199469, 4261
1674199529, 4262
1674199589, 4263
1674199649, 4265
1674199709, 4266
1674199769, 4267
1674199829, 4268
1674199889, 4269
1674199949, 4271
1674200009, 4273
1674200069, 4274
1674200129, 4276
1674200189, 4277
1674200249, 4277
1674200309, 4279
1674200369, 4280
1674200429, 4283
1674200489, 4284
1674200549, 4286
1674200609, 4287
1674200669, 4287
1674200729, 4290
1674200789, 4292
1674200849, 4293
1674200909, 4295
1674200969, 4297
1674201029, 4300
1674201089, 4301
1674201149, 4303
1674201209, 4304
1674201269, 4306
1674201329, 4307
1674201389, 4308
1674201449, 4311
1674201509, 4311
1674201569, 4313
1674201630, 4315
1674201690, 4316
1674201750, 4318
1674201810, 4319
1674201870, 4322
1674201930, 4323
1674201990, 4324
1674202050, 4326
1674202110, 4326
1674202170, 4328
1674202230, 4329
1674202290, 4331
1674202350, 4333
1674202410, 4334
1674202470, 4336
1674202530, 4337
1674202590, 4338
1674202650, 4338
1674202710, 4340
1674202770, 4341
1674202830, 4342
1674202890, 4343
1674202950, 4344
1674203010, 4346
1674203070, 4347
1674203130, 4349
1674203190, 4351
1674203250, 4352
1674203310, 4353
1674203370, 4354
1674203430, 4355
1674203490, 4358
1674203550, 4359
1674203610, 4362
1674203670, 4363
1674203730, 4364
1674203790, 4365
1674203850, 4367
1674203910, 4368
1674203970, 4370
1674204030, 4371
1674204090, 4373
1674204150, 4374
1674204210, 4375
1674204270, 4376
1674204330, 4377
1674204390, 4378
1674204450, 4379
1674204510, 4380
1674204570, 4382
1674204630, 4383
1674204690, 4384
1674204750, 4385
1674204810, 4387
1674204870, 4388
1674204930, 4390
1674204990, 4396
1674205050, 4399
1674205110, 4412
1674205170, 4417
1674205230, 4418
1674205290, 4419
1674205350, 4422
1674205410, 4423
1674205470, 4424
1674205530, 4426
1674205590, 4427
1674205650, 4428
1674205710, 4430
1674205770, 4432
1674205830, 4435
1674205890, 4436
1674205950, 4437
1674206010, 4444
1674206070, 4446
1674206130, 4449
1674206190, 4450
1674206250, 4451
1674206310, 4453
1674206370, 4454
1674206430, 4455
1674206490, 4457
1674206550, 4460
1674206610, 4461
1674206670, 4462
1674206731, 4465
1674206791, 4467
1674206851, 4469
1674206911, 4471
1674206971, 4474
1674207031, 4475
1674207091, 4476
1674207151, 4477
1674207211, 4479
1674207271, 4480
1674207331, 4480
1674207391, 4481
1674207451, 4483
1674207511, 4487
1674207571, 4489
1674207631, 4491
1674207691, 4493
1674207751, 4495
1674207811, 4497
1674207871, 4500
1674207931, 4500
1674207991, 4502
1674208051, 4505
1674208111, 4507
1674208171, 4510
1674208231, 4514
1674208291, 4515
1674208351, 4517
1674208411, 4519
1674208471, 4520
1674208531, 4522
1674208591, 4524
1674208651, 4525
1674208711, 4527
1674208771, 4528
1674208831, 4530
1674208891, 4532
1674208951, 4536
1674209011, 4537
1674209071, 4540
1674209131, 4541
1674209191, 4543
1674209251, 4544
1674209311, 4546
1674209371, 4547
1674209431, 4549
1674209491, 4551
1674209551, 4552
1674209611, 4553
1674209671, 4554
1674209731, 4555
1674209791, 4556
1674209851, 4558
1674209911, 4560
1674209971, 4561
1674210031, 4562
1674210091, 4564
1674210151, 4567
1674210211, 4569
1674210271, 4570
1674210331, 4572
1674210391, 4575
1674210451, 4578
1674210511, 4580
1674210571, 4582
1674210631, 4584
1674210691, 4586
1674210751, 4590
1674210811, 4594
1674210871, 4595
1674210931, 4597
1674210991, 4599
1674211051, 4601
1674211111, 4605
1674211171, 4609
1674211231, 4611
1674211291, 4612
1674211351, 4614
1674211411, 4616
1674211471, 4618
1674211531, 4620
1674211591, 4621
1674211652, 4622
1674211712, 4624
1674211772, 4625
1674211832, 4627
1674211892, 4630
1674211952, 4632
1674212012, 4634
1674212072, 4639
1674212132, 4642
1674212192, 4645
1674212252, 4647
1674212312, 4649
1674212372, 4649
1674212432, 4652
1674212492, 4653
1674212552, 4655
1674212612, 4658
1674212672, 4660
1674212732, 4661
1674212792, 4664
1674212852, 4666
1674212912, 4668
1674212972, 4669
1674213032, 4670
1674213092, 4673
1674213152, 4675
1674213212, 4678
1674213272, 4679
1674213332, 4681
1674213392, 4683
1674213452, 4685
1674213512, 4687
1674213572, 4689
1674213632, 4690
1674213692, 4692
1674213752, 4695
1674213812, 4697
1674213872, 4699
1674213932, 4702
1674213992, 4704
1674214052, 4707
1674214112, 4712
1674214172, 4715
1674214232, 4717
1674214292, 4721
1674214352, 4723
1674214412, 4726
1674214472, 4727
1674214532, 4730
1674214592, 4731
1674214652, 4733
1674214712, 4735
1674214772, 4737
1674214832, 4742
1674214892, 4744
1674214952, 4746
1674215012, 4748
1674215072, 4750
1674215132, 4751
1674215192, 4751
1674215252, 4753
1674215312, 4754
1674215372, 4756
1674215432, 4757
1674215492, 4758
1674215552, 4759
1674215612, 4761
1674215672, 4762
1674215732, 4765
1674215792, 4765
1674215852, 4767
1674215912, 4769
1674215972, 4771
1674216032, 4774
1674216092, 4776
1674216152, 4780
1674216212, 4786
1674216272, 4788
1674216332, 4792
1674216392, 4795
1674216452, 4798
1674216512, 4801
1674216573, 4807
1674216633, 4808
1674216693, 4813
1674216753, 4815
1674216813, 4817
1674216873, 4819
1674216933, 4821
1674216993, 4823
1674217053, 4827
1674217113, 4832
1674217173, 4834
1674217233, 4835
1674217293, 4836
1674217353, 4837
1674217413, 4839
1674217473, 4840
1674217533, 4842
1674217593, 4845
1674217653, 4848
1674217713, 4851
1674217773, 4855
1674217833, 4857
1674217893, 4859
1674217953, 4860
1674218013, 4861
1674218073, 4862
1674218133, 4863
1674218193, 4867
1674218253, 4870
1674218313, 4871
1674218373, 4874
1674218433, 4876
1674218493, 4876
1674218553, 4878
1674218613, 4879
1674218673, 4880
1674218733, 4882
1674218793, 4883
1674218853, 4884
1674218913, 4886
1674218973, 4888
1674219033, 4890
1674219093, 4892
1674219153, 4895
1674219213, 4899
1674219273, 4902
1674219333, 4904
1674219393, 4909
1674219453, 4911
1674219513, 4913
1674219573, 4917
1674219633, 4920
1674219693, 4922
1674219753, 4922
1674219813, 4924
1674219873, 4925
1674219933, 4928
1674219993, 4929
1674220053, 4930
1674220113, 4932
1674220173, 4934
1674220233, 4935
1674220293, 4935
1674220353, 4937
1674220413, 4938
1674220473, 4939
1674220533, 4940
1674220593, 4942
1674220653, 4943
1674220713, 4945
1674220773, 4945
1674220833, 4947
1674220893, 4948
1674220953, 4949
1674221013, 4950
1674221073, 4951
1674221133, 4952
1674221194, 4953
1674221254, 4954
1674221314, 4956
1674221374, 4957
1674221434, 4958
1674221494, 4959
1674221554, 4961
1674221614, 4961
1674221674, 4962
1674221734, 4963
1674221794, 4964
1674221854, 4966
1674221914, 4967
1674221974, 4968
1674222034, 4969
1674222094, 4970
1674222154, 4972
1674222214, 4973
1674222274, 4975
1674222334, 4976
1674222394, 4978
1674222454, 4979
1674222514, 4980
1674222574, 4981
1674222634, 4983
1674222694, 4984
1674222754, 4985
1674222814, 4986
1674222874, 4987
1674222934, 4989
1674222994, 4990
1674223054, 4991
1674223114, 4991
1674223174, 4992
1674223234, 4994
1674223294, 4995
1674223354, 4997
1674223414, 4998
1674223474, 4999
1674223534, 5001
1674223594, 5002
1674223654, 5003
1674223714, 5006
1674223774, 5007
1674223834, 5008
1674223894, 5009
1674223954, 5011
1674224014, 5014
1674224074, 5016
1674224134, 5018
1674224194, 5019
1674224254, 5022
1674224314, 5022
1674224374, 5025
1674224434, 5026
1674224494, 5028
1674224554, 5030
1674224614, 5032
1674224674, 5032
1674224734, 5034
1674224794, 5037
1674224854, 5042
1674224914, 5044
1674224974, 5045
1674225034, 5048
1674225094, 5051
1674225154, 5054
1674225214, 5056
1674225274, 5057
1674225334, 5058
1674225394, 5059
1674225454, 5060
1674225514, 5062
1674225574, 5063
1674225634, 5065
1674225694, 5066
1674225754, 5070
1674225814, 5073
1674225874, 5075
1674225934, 5076
1674225995, 5079
1674226055, 5080
1674226115, 5082
1674226175, 5085
1674226235, 5087
1674226295, 5088
1674226355, 5091
1674226415, 5095
1674226475, 5099
1674226535, 5103
1674226595, 5106
1674226655, 5109
1674226715, 5109
1674226775, 5111
1674226835, 5114
1674226895, 5115
1674226955, 5116
1674227015, 5118
1674227075, 5119
1674227135, 5120
1674227195, 5121
1674227255, 5123
1674227315, 5127
1674227375, 5129
1674227435, 5130
1674227495, 5131
1674227555, 5133
1674227615, 5135
1674227675, 5136
1674227735, 5137
1674227795, 5139
1674227855, 5140
1674227915, 5143
1674227975, 5144
1674228035, 5145
1674228095, 5146
1674228155, 5150
1674228215, 5151
1674228275, 5152
1674228335, 5154
1674228395, 5157
1674228455, 5159
1674228515, 5159
1674228575, 5160
1674228635, 5161
1674228695, 5162
1674228755, 5164
1674228815, 5165
1674228875, 5167
1674228935, 5169
1674228995, 5170
1674229055, 5171
1674229115, 5172
1674229175, 5173
1674229235, 5174
1674229295, 5176
1674229355, 5177
1674229415, 5178
1674229475, 5179
1674229535, 5180
1674229595, 5181
1674229655, 5182
1674229715, 5184
1674229775, 5185
1674229835, 5187
1674229895, 5187
1674229955, 5188
1674230015, 5190
1674230075, 5191
1674230135, 5192
1674230195, 5193
1674230255, 5195
1674230315, 5196
1674230375, 5197
1674230435, 5199
1674230495, 5199
1674230555, 5200
1674230615, 5201
1674230675, 5202
1674230735, 5204
1674230795, 5205
1674230855, 5206
1674230915, 5207
1674230975, 5207
1674231035, 5208
1674231096, 5209
1674231156, 5211
1674231216, 5212
1674231276, 5213
1674231336, 5214
1674231396, 5215
1674231456, 5217
1674231516, 5218
1674231576, 5219
1674231636, 5220
1674231696, 5222
1674231756, 5225
1674231816, 5226
1674231876, 5227
1674231936, 5230
1674231996, 5233
1674232056, 5234
1674232116, 5236
1674232176, 5238
1674232236, 5239
1674232296, 5241
1674232356, 5243
1674232416, 5247
1674232476, 5250
1674232536, 5253
1674232596, 5262
1674232656, 5264
1674232716, 5265
1674232776, 5267
1674232836, 5269
1674232896, 5269
1674232956, 5270
1674233016, 5271
1674233076, 5272
1674233136, 5274
1674233196, 5276
1674233256, 5279
1674233316, 5284
1674233376, 5285
1674233436, 5286
1674233496, 5287
1674233556, 5288
1674233616, 5291
1674233676, 5293
1674233736, 5294
1674233796, 5296
1674233856, 5298
1674233916, 5300
1674233976, 5301
1674234036, 5306
1674234096, 5307
1674234156, 5313
1674234216, 5314
1674234276, 5317
1674234336, 5320
1674234396, 5322
1674234456, 5323
1674234516, 5326
1674234576, 5327
1674234636, 5330
1674234696, 5332
1674234756, 5335
1674234816, 5339
1674234876, 5341
1674234936, 5345
1674234996, 5349
1674235056, 5352
1674235116, 5353
1674235176, 5355
1674235236, 5357
1674235296, 5359
1674235356, 5363
1674235416, 5365
1674235476, 5368
1674235536, 5370
1674235596, 5373
1674235656, 5377
1674235717, 5380
1674235777, 5382
1674235837, 5385
1674235897, 5386
1674235957, 5390
1674236017, 5391
1674236077, 5393
1674236137, 5395
1674236197, 5397
1674236257, 5399
1674236317, 5401
1674236377, 5404
1674236437, 5408
1674236497, 5412
1674236557, 5413
1674236617, 5414
1674236677, 5416
1674236737, 5419
1674236797, 5420
1674236857, 5423
1674236917, 5424
1674236977, 5425
1674237037, 5426
1674237097, 5428
1674237157, 5432
1674237217, 5434
1674237277, 5437
1674237337, 5441
1674237397, 5444
1674237457, 5447
1674237517, 5448
1674237577, 5449
1674237637, 5450
1674237697, 5451
1674237757, 5452
1674237817, 5455
1674237877, 5456
1674237937, 5457
1674237997, 5458
1674238057, 5460
1674238117, 5462
1674238177, 5464
1674238237, 5465
1674238297, 5466
1674238357, 5467
1674238417, 5469
1674238477, 5470
1674238537, 5472
1674238597, 5473
1674238657, 5476
1674238717, 5478
1674238777, 5479
1674238837, 5481
1674238897, 5484
1674238957, 5488
1674239017, 5492
1674239077, 5493
1674239137, 5495
1674239197, 5498
1674239257, 5499
1674239317, 5501
1674239377, 5503
1674239437, 5505
1674239497, 5506
1674239557, 5514
1674239617, 5520
1674239677, 5521
1674239737, 5524
1674239797, 5525
1674239857, 5527
1674239917, 5531
1674239977, 5534
1674240037, 5537
1674240097, 5538
1674240157, 5541
1674240217, 5542
1674240277, 5544
1674240337, 5545
1674240398, 5547
1674240458, 5549
1674240518, 5551
1674240578, 5554
1674240638, 5556
1674240698, 5558
1674240758, 5561
1674240818, 5563
1674240878, 5565
1674240938, 5567
1674240998, 5568
1674241058, 5572
1674241118, 5574
1674241178, 5575
1674241238, 5576
1674241298, 5577
1674241358, 5579
1674241418, 5581
1674241478, 5584
1674241538, 5586
1674241598, 5587
1674241658, 5588
1674241718, 5590
1674241778, 5593
1674241838, 5595
1674241898, 5597
1674241958, 5600
1674242018, 5602
1674242078, 5605
1674242138, 5607
1674242198, 5611
1674242258, 5615
1674242318, 5618
1674242378, 5620
1674242438, 5621
1674242498, 5622
1674242558, 5625
1674242618, 5626
1674242678, 5627
1674242738, 5629
1674242798, 5630
1674242858, 5632
1674242918, 5634
1674242978, 5636
1674243038, 5640
1674243098, 5642
1674243158, 5643
1674243218, 5645
1674243278, 5646
1674243338, 5647
1674243398, 5649
1674243458, 5655
1674243518, 5661
1674243578, 5666
1674243638, 5671
1674243698, 5676
1674243758, 5684
1674243818, 5691
1674243878, 5703
1674243938, 5711
1674243998, 5716
1674244058, 5723
1674244118, 5734
1674244178, 5741
1674244238, 5749
1674244298, 5752
1674244358, 5759
1674244418, 5766
1674244478, 5772
1674244538, 5781
1674244598, 5787
1674244658, 5795
1674244718, 5801
1674244778, 5809
1674244839, 5844
1674244899, 5855
1674244959, 5870
1674245019, 5877
1674245079, 5884
1674245139, 5891
1674245199, 5896
1674245259, 5904
1674245319, 5911
1674245379, 5924
1674245439, 5932
1674245499, 5939
1674245559, 5950
1674245619, 5962
1674245679, 5989
1674245739, 5998
1674245799, 6009
1674245859, 6017
1674245919, 6026
1674245979, 6031
1674246039, 6043
1674246099, 6049
1674246159, 6063
1674246219, 6073
1674246279, 6080
1674246339, 6102
1674246399, 6115
1674246459, 6123
1674246519, 6153
1674246579, 6163
1674246639, 6181
1674246699, 6186
1674246759, 6199
1674246819, 6204
1674246879, 6210
1674246939, 6212
1674246999, 6213
1674247059, 6215
1674247119, 6220
1674247179, 6222
1674247239, 6225
1674247299, 6226
1674247359, 6228
1674247419, 6231
1674247479, 6233
